CD_MUNICIPIO,Soma - QT_VOTOS
19,13001
35,169299
51,51415
78,39901
94,37980
116,14932
132,37718
159,22611
175,14631
191,8252
213,4220
230,7253
256,13595
272,7854
299,21868
310,9768
337,5306
353,3184
370,7457
396,11490
418,8564
434,10226
450,2405
477,8101
493,2736
515,3422
531,1356
558,2808
566,4402
574,3986
582,4723
590,3816
604,2973
612,3625
620,2210
639,6410
647,1752
655,2683
663,5308
671,3904
680,5818
698,3231
701,1405
710,2293
728,1630
736,4237
744,2285
752,1888
779,12479
787,943
795,6530
809,3352
1007,4693
1015,3963
1023,7384
1031,1127
1040,3710
1058,9593
1066,1866
1074,31936
1082,6011
1090,6331
1104,1433
1112,6729
1120,5317
1139,6383
1392,142090
1457,13606
1473,9067
1490,5217
1511,6176
1538,9512
1554,2889
1570,2717
2003,4924
2011,3727
2020,4407
2038,3036
2046,4183
2054,1136
2070,6806
2097,2483
2119,1327
2135,2623
2151,8499
2178,3281
2194,2951
2216,2936
2232,5570
2259,12829
2275,4206
2291,3653
2313,1971
2330,2480
2356,10935
2372,1305
2399,2264
2410,17807
2437,2457
2453,1128
2470,1801
2496,2222
2518,6242
2534,23667
2550,692580
2577,8056
2593,1433
2615,3701
2631,1457
2658,2673
2674,2105
2690,8809
2712,2237
2739,3150
2755,2231
2771,1081
2798,3967
2810,11300
2836,4103
2852,1908
2879,1836
2895,2102
2917,1182
2933,2051
2950,3158
2976,1072
2992,1980
3000,4135
3018,144799
3026,2980
3034,7077
3042,3610
3050,6030
3069,7107
3077,5199
3085,10843
3093,7412
3107,1646
3115,3517
3123,3838
3131,2471
3158,2854
4006,6556
4014,25118
4022,18071
4030,11026
4049,3763
4057,6268
4065,3700
4073,15563
4081,13145
4090,4855
4103,8584
4111,39713
4120,7326
4138,6968
4146,3385
4154,138978
4162,1774
4170,7086
4189,5772
4197,2990
4200,3982
4219,2206
4227,8088
4235,4983
4243,5668
4251,26380
4260,4424
4278,427051
4286,5541
4294,16723
4308,2849
4316,2761
4324,7150
4332,24883
4340,3845
4359,18062
4367,4362
4375,5085
4383,13776
4391,2750
4405,5734
4413,19273
4421,18037
4430,16458
4448,9276
4456,11640
4464,5044
4472,58469
4480,4902
4499,2977
4502,1768
4510,2028
4529,3217
4537,13451
4545,2762
4553,3766
4561,5535
4570,6688
4588,1340
4596,942
4600,3644
4618,4565
4626,6541
4634,6676
4642,30886
4650,14004
4669,3924
4677,2704
4685,1702
4693,5029
4707,22799
4715,35796
4723,9673
4731,9058
4740,1911
4758,10431
4766,2634
4774,11557
4782,3609
4790,4613
4804,5618
4812,1803
4820,1349
4839,74985
4847,1691
4855,5961
4863,9152
4871,5642
4898,3603
4910,5320
4936,11761
4952,19420
4979,4999
4995,2388
5010,8577
5037,3587
5053,14432
5070,3112
5096,32193
5118,1940
5134,4140
5150,8354
5177,5928
5193,8220
5215,1935
5231,9136
5258,4183
5274,1177
5290,17392
5312,7328
5339,10661
5355,102608
5371,1206
5398,6968
5410,2879
5436,4463
5452,19548
5479,4491
5495,3268
5517,10074
5533,3965
5550,4306
5576,3667
5592,14937
5614,22909
5630,8675
5657,6140
5673,32790
5690,6088
5711,16632
5738,10818
5754,16301
5770,10099
5797,8116
5819,6738
5835,83810
5851,6524
5878,4355
5894,8443
5916,12112
5932,2130
5959,10144
5975,10883
5991,5548
6009,1069
6017,1663
6025,4112
6033,1986
6041,2047
6050,125261
6068,1248
6076,4967
6084,2856
6092,4444
6106,1543
6114,1862
6122,2040
6130,7296
6157,35397
6173,2756
7005,1296
7013,548
7021,2721
7030,2455
7048,2533
7056,2038
7064,2410
7072,861
7080,902
7099,1795
7102,1000
7110,8491
7129,2177
7137,2252
7145,383
7153,2066
7161,507
7170,3718
7188,1489
7196,3981
7200,961
7218,1553
7226,1065
7234,17601
7242,3158
7250,1411
7269,4748
7277,24202
7285,1954
7293,1389
7307,1258
7315,15143
7323,1097
7331,7080
7340,10061
7358,634
7366,3290
7374,2225
7382,2249
7390,3496
7404,1584
7412,1856
7420,480
7439,1803
7447,983
7455,651
7463,1835
7471,1379
7480,2380
7498,2622
7501,1912
7510,1603
7528,1601
7536,4918
7544,1565
7552,3494
7560,3724
7579,19276
7595,1149
7609,4219
7617,11173
7625,1266
7633,13035
7641,1026
7650,4330
7668,3709
7676,4099
7684,1365
7692,8352
7706,1735
7714,3049
7722,6221
7730,4159
7749,864
7757,770
7765,1911
7773,2589
7781,681
7790,2381
7803,1475
7811,1637
7820,799
7838,1634
7846,1516
7854,2101
7862,1946
7870,1077
7889,3174
7897,1529
7900,977
7919,922
7927,1087
7935,12787
7943,711
7951,845
7960,614
7978,2694
7986,848
7994,2787
8001,1783
8010,2231
8028,1112
8036,79356
8044,1757
8052,1812
8060,1750
8079,6812
8087,2123
8095,5830
8109,1044
8117,1936
8125,697
8133,10528
8141,1573
8150,1453
8168,5352
8176,1515
8184,1607
8192,2548
8206,879
8214,1408
8222,1058
8230,1311
8249,1145
8257,2051
8265,1156
8273,2172
8281,2355
8290,3329
8303,1713
8311,2868
8320,2420
8338,2050
8346,1235
8354,1625
8362,698
8370,2612
8389,2435
8397,1956
8400,2179
8419,2429
8427,729
8435,1186
8443,579
8451,532
8460,1167
8478,2214
8486,1239
8494,22057
8508,2833
8516,1548
8524,497
8532,1740
8540,390
8559,2397
8567,4050
8575,1910
8583,744
8591,2156
8605,2142
8613,7686
8621,2207
8630,2345
8656,1340
8672,4304
8699,11124
8710,2811
8737,1519
8753,2792
8770,5340
8796,7653
8818,1149
8834,931
8850,838
8877,3413
8893,32509
8915,5248
8931,1225
8958,3853
8974,7292
8990,2650
9016,3534
9032,3015
9059,1627
9075,3770
9091,3231
9113,6452
9130,623
9156,806
9172,1653
9199,3152
9210,238285
9237,4920
9253,3412
9270,1707
9296,3605
9318,1310
9334,1839
9350,2398
9377,24352
9393,5850
9415,3635
9431,6606
9458,3011
9474,4049
9490,7598
9512,4716
9539,4720
9555,4489
9571,15347
9598,3103
9610,31734
9636,7836
9652,3485
9679,4361
9695,2856
9717,6313
10006,864
10014,640
10022,636
10030,3351
10049,2437
10057,1612
10065,1023
10073,4800
10081,287
10090,1834
10103,633
10111,936
10120,842
10138,635
10146,669
10154,648
10162,374
10170,570
10189,805
10197,475
10200,755
10219,1535
10227,603
10235,5883
10243,315
10251,475
10260,264
10278,1103
10286,577
10294,3707
10308,704
10316,1005
10324,845
10332,933
10340,400
10359,942
10367,1517
10375,4623
10383,499
10391,3349
10405,623
10413,272
10421,718
10430,7034
10448,402
10456,2275
10464,745
10472,1264
10480,589
10499,831
10502,242
10510,2706
10529,610
10537,3634
10545,1039
10553,483
10561,331
10570,3968
10588,350
10596,761
10600,375
10618,1115
10626,442
10634,1786
10642,291
10650,2189
10669,902
10677,1007
10685,562
10693,1370
10707,226
10715,486
10723,476
10731,6006
10740,710
10758,479
10766,693
10774,8425
10782,719
10790,393
10804,193
10812,510
10820,1256
10839,867
10847,445
10855,1381
10863,683
10871,1129
10880,554
10898,1206
10901,414
10910,574
10928,557
10936,1646
10944,544
10952,675
10960,254
10979,384
10987,1454
10995,1256
11010,1330
11037,1614
11053,654
11070,1956
11088,479
11096,3840
11118,507
11134,4364
11150,3183
11177,527
11193,834
11215,1251
11231,2991
11258,467
11274,1492
11290,792
11312,952
11339,470
11355,1267
11371,416
11398,5162
11410,392
11436,774
11452,812
11479,733
11495,1279
11517,820
11533,30185
11550,1891
11576,5641
11592,11563
11614,1141
11630,1576
11657,4130
11673,9279
11690,1527
11711,287
11738,1367
11754,1365
11770,989
11797,559
11819,628
11835,1036
11851,959
11878,1031
11894,360
11916,712
11932,1227
11959,840
11975,856
11991,2220
12009,652
12017,319
12025,533
12033,666
12041,534
12050,1227
12068,1121
12076,1548
12084,631
12092,1905
12106,530
12114,3159
12122,377
12130,1290
12149,534
12157,1241
12165,383
12173,513
12181,292
12190,160558
12203,418
12211,6079
12220,494
12238,4218
12246,1560
12254,2661
12262,390
12270,500
12289,282
12297,462
12300,340
12319,1086
12327,535
12335,379
12343,368
12351,366
12360,406
12378,322
12386,364
12394,733
12408,683
12416,759
12424,734
12432,421
12440,774
12459,709
12467,415
12475,802
12483,330
12491,654
12505,844
12513,823
12521,326
12530,299
12548,414
12556,306
12564,675
12572,1095
12580,523
12599,312
12602,357
12610,361
12629,375
12637,228
12653,244
12661,385
12670,872
12688,628
12696,397
12700,194
12718,594
12726,1678
12734,535
13005,4735
13013,725
13021,1809
13030,9596
13048,1220
13056,5000
13064,1070
13072,961
13080,2861
13099,1010
13102,1948
13110,458
13129,5704
13137,1776
13145,3526
13153,653
13161,3743
13170,2033
13188,16774
13196,17580
13200,603
13218,13449
13226,18458
13234,4757
13242,3967
13250,1104
13269,672
13277,1926
13285,4234
13293,888
13307,4742
13315,1859
13323,2368
13331,2359
13340,1457
13358,543
13366,607
13374,9367
13382,1941
13390,1529
13404,1918
13412,5078
13420,1618
13439,10115
13447,878
13455,4665
13463,1492
13471,4117
13480,8733
13498,5202
13501,3694
13510,10303
13536,2106
13552,9206
13579,2430
13595,2420
13617,2781
13633,3279
13650,1885
13676,2939
13692,14643
13714,1123
13730,74827
13757,2504
13773,1383
13811,3106
13838,10119
13854,12363
13870,1616
13897,633009
13919,2505
13935,1037
13951,4545
13978,499
13994,2189
14010,5956
14036,1004
14052,2500
14060,1851
14079,3666
14095,7263
14117,10351
14133,3938
14150,1150
14176,4923
14192,4876
14214,1542
14230,2738
14257,1619
14273,10782
14290,17238
14311,2888
14338,2273
14354,1940
14370,1287
14397,4151
14419,6922
14435,2444
14451,779
14478,35858
14494,2949
14516,2718
14532,9010
14559,22496
14575,8100
14591,1235
14613,6362
14630,5901
14656,2001
14672,1993
14680,1287
14699,3913
14710,4377
14737,1882
14753,11243
14770,1263
14796,6594
14818,1791
14834,1593
14850,1660
14877,5693
14893,2806
14915,2709
14931,15370
14958,15994
14974,1734
14990,578
15016,2255
15032,1820
15059,7583
15075,5529
15091,1580
15113,3081
15130,1067
15156,6145
15172,1643
15199,1407
15210,1041
15237,1398
15253,576
15270,16776
15296,9242
15318,3378
15334,5110
15350,2075
15377,13306
15393,1447
15415,3997
15431,1082
15440,1744
15458,4530
15474,7153
15490,13070
15512,804
15539,2273
15555,4395
15571,1098
15598,37230
15610,1681
15636,3856
15652,2985
15679,10400
15695,16204
15717,9276
15733,6095
15750,1073
15776,3731
15792,1831
15814,4185
15830,8215
15857,56677
15873,5691
15881,1931
15890,6285
15911,4633
15920,2271
15938,4190
15954,8404
15970,1318
15989,675
15997,7736
16004,1100
16012,2305
16020,3307
16039,8733
16047,1308
16055,1942
16063,2280
16071,258
16080,1379
16098,1292
16101,541
16110,676
16128,898
16136,1723
16144,669
16152,2368
16160,394
16179,621
16187,296
16195,5311
16209,522
16217,5198
16225,1647
16233,2829
16241,1002
16250,1871
16268,2993
16276,1961
16284,739
16292,1376
16306,1016
16314,807
16330,2463
16357,2304
16373,731
16390,12443
16411,1084
16438,4469
16454,3129
16470,2072
16497,1524
16519,12481
16535,1481
16551,747
16578,466
16594,1257
16616,9038
16632,662
16659,539
16675,1061
16691,2448
16713,9793
16730,910
16756,1573
16772,389
16799,776
16810,5885
16837,1930
16853,2223
16870,3422
16896,2668
16918,1840
16934,341
16950,826
16977,1098
16993,1236
17019,628
17035,2193
17051,740
17078,464
17094,1481
17116,2574
17132,5631
17159,376
17175,526
17191,3123
17213,1063
17230,992
17256,1299
17272,784
17299,2387
17310,2069
17337,1656
17353,1081
17370,438
17396,671
17418,15201
17434,3697
17450,705
17477,1258
17493,2449
17515,529
17531,1525
17558,4977
17574,605
17590,55207
17612,219306
17639,6714
17655,6526
17671,591
17698,895
17710,318
17736,851
17752,1146
17779,5380
17795,60389
17817,2515
17833,965
17850,1786
17876,3920
17892,743
17914,704
17930,1149
17957,2300
17973,1742
17990,318
18015,1658
18031,1568
18058,1942
18074,1467
18090,666
18112,563
18139,429
18155,1441
18171,641
18198,1391
18210,610
18236,6495
18252,682
18279,1729
18295,3948
18317,677
18333,790
18350,778
18376,24301
18392,1010
18414,9504
18430,2621
18457,859
18473,2338
18490,4791
18511,1283
18538,1480
18554,3085
18570,1160
18597,1220
18619,1053
18635,1184
18651,1580
18678,1552
18694,1002
18716,704
18732,536
18759,1712
18775,2999
18791,1351
18813,3440
18830,686
18856,7338
18872,1298
18899,3503
18910,1338
18937,1103
18953,2582
18970,273
18996,581
19003,970
19011,759
19020,1577
19038,621
19046,927
19054,3941
19062,1201
19070,2721
19089,907
19097,1563
19100,738
19119,5875
19127,806
19135,1835
19143,675
19151,1803
19160,987
19178,1445
19186,721
19194,2480
19208,489
19216,3034
19224,563
19232,1183
19240,679
19259,2350
19267,390
19275,491
19283,379
19291,974
19305,597
19313,2664
19321,680
19330,1683
19348,241
19356,1253
19364,578
19372,27977
19380,505
19399,2810
19402,422
19410,1147
19429,539
19437,665
19445,371
19453,268
19461,1288
19470,419
19488,204
19496,1328
19500,337
19518,3505
19526,463
19534,735
19542,515
19550,673
19569,230
19577,2270
19585,235
19593,1190
19607,695
19615,4079
19623,997
19631,1254
19640,341
19658,18523
19666,255
19674,796
19682,394
19690,551
19704,286
19712,2348
19720,328
19739,1282
19747,968
19755,6965
19763,1417
19771,965
19780,1458
19798,489
19801,895
19810,115859
19828,583
19836,218
19844,1249
19852,891
19860,705
19879,4099
19887,663
19895,2183
19909,247
19917,737
19925,293
19933,6782
19941,1523
19950,722
19968,849
19976,1937
19984,596
19992,3389
20001,1302
20010,1198
20036,2258
20052,972
20079,354
20095,1033
20117,526
20133,684
20150,949
20176,622
20192,536
20214,6033
20230,1436
20257,562
20273,12583
20290,2035
20311,382
20338,563
20354,818
20370,3330
20397,5456
20419,2846
20435,2470
20451,1635
20478,2822
20494,813
20516,228326
20532,1297
20559,2362
20575,991
20591,2029
20613,732
20630,496
20656,1147
20672,5965
20699,518
20710,957
20737,3106
20753,504
20770,531
20796,8016
20818,780
20834,3769
20850,2454
20877,1715
20893,2452
20915,1065
20931,390
20958,4177
20974,1608
20990,1196
21016,734
21032,1249
21059,557
21075,385
21091,1021
21113,783
21130,444
21156,436
21172,17506
21199,1979
21210,649
21237,932
21253,5820
21270,2379
21296,3060
21318,2197
21334,1076
21350,733
21377,1428
21393,2913
21415,3632
21431,6338
21458,812
21474,1877
21490,3060
21512,7648
21539,506
21555,2358
21571,1004
21598,4349
21610,454
21636,1902
21652,683
21679,511
21695,2618
21717,346
21733,950
21750,31965
21776,1072
21792,9122
21814,592
21830,514
21857,900
21873,623
21890,667
21911,1817
21938,786
21954,865
21970,444
21997,1411
22012,1923
22039,1897
22055,298
22071,8833
22098,1343
22110,2155
22136,584
22152,321
22179,1126
22195,742
22217,4326
22233,2415
22250,10562
22276,2039
22292,1314
22314,1560
22330,929
22357,1617
22373,664
22390,1821
22411,1098
22438,340
23000,471
23019,4776
23027,3505
23035,2885
23043,1068
23051,3659
23060,2143
23078,3720
23086,1130
23094,4837
23108,1174
23116,1138
23124,1095
23132,5979
23140,2610
23159,2992
23167,663
23175,3949
23183,3006
23191,1460
23205,3863
23213,9004
23221,1590
23230,9790
23248,978
23256,2800
23264,1156
23272,7814
23280,4648
23299,1792
23302,1697
23310,1774
23329,1099
23337,13602
23353,759
23370,10289
23396,2126
23418,4876
23434,5280
23450,7600
23477,1258
23493,817
23515,7781
23531,1999
23558,3394
23574,40592
23590,3196
23612,2911
23639,1281
23655,724
23671,583
23698,3155
23710,1597
23736,3499
23752,1322
23779,1535
23795,20237
23817,83013
23833,4947
23850,799
23876,2505
23892,4695
23914,4414
23930,1369
23957,2158
23973,2524
23990,5142
24015,2589
24031,10999
24058,2591
24074,4785
24090,2105
24112,1565
24139,2519
24155,2662
24171,3379
24198,19731
24210,4353
24236,17502
24252,707
24279,19063
24295,1439
24317,1624
24333,964
24350,23927
24376,945
24392,1021
24414,401
24430,17518
24457,2692
24473,412
24490,2199
24511,3719
24538,1594
24554,3170
24570,161952
24597,2083
24619,3582
24635,2886
24651,1496
24678,1788
24694,4474
24716,1179
24732,1751
24759,7009
24775,9856
24791,4692
24813,1847
24830,1639
24856,1556
24872,13064
24899,7418
24910,101401
24937,2679
24953,1708
24970,5018
24996,9121
25011,674
25038,3306
25054,1159
25070,1301
25097,4785
25119,13715
25135,77951
25151,2312
25178,6157
25194,3493
25216,59182
25232,1134
25259,5403
25275,2285
25291,1967
25313,433317
25330,4576
25356,6397
25372,3401
25399,2567
25410,1171
25437,6288
25453,1017
25470,2497
25496,26632
25518,3911
25534,2416
25550,970
25577,1138
25593,6466
25615,5241
25631,1872
25658,3433
25674,4714
25690,2443
25712,3583
25739,24022
25755,2540
25771,10506
25798,1202
25810,2573
25836,6982
25852,818
25879,492
25895,11284
25917,2707
25933,1771
25950,1602
25976,5122
25992,7129
26018,782
26034,509
26050,10388
26077,11702
26093,2653
26115,4083
26131,1398
26158,1869
26174,864
26190,1897
26212,685
26239,3718
26255,5245
26271,33410
26298,43186
26310,27008
26336,4271
27006,4187
27014,1004
27022,562
27030,2019
27049,1201
27057,54674
27065,2854
27073,7544
27081,1089
27090,3586
27111,2871
27138,2982
27154,886
27170,1057
27197,5359
27219,1571
27235,1440
27251,2991
27278,6012
27294,1197
27316,1365
27332,3523
27359,810
27375,963
27391,1378
27413,4366
27430,1446
27456,14497
27472,5050
27499,1460
27510,2967
27537,690
27553,2841
27570,3511
27596,2761
27618,2627
27634,2944
27650,1387
27677,651
27693,1050
27715,2766
27731,760
27758,2751
27774,1010
27790,4665
27812,3278
27839,3331
27855,273549
27871,3361
27898,9451
27910,1122
27936,16560
27952,2425
27979,752
27995,1976
28010,6803
28037,3936
28053,880
28070,900
28096,4827
28118,3067
28134,3906
28150,597
28177,557
28193,1675
28215,1416
28231,658
28258,13468
28274,2966
28290,3388
28312,1247
28339,10513
28355,3013
28371,8763
28398,594
28410,1990
28436,1027
28452,7277
28479,2237
28495,2405
28517,1733
28533,22173
28550,1462
28576,1753
28592,6028
28614,1438
28630,1211
28657,4825
28673,2721
28690,7169
28711,14924
28738,2447
28754,4612
28770,4973
28797,609
28819,2178
28835,2371
28851,11875
28878,4960
28894,3062
28916,1001
28932,7062
29173,13
29254,15
29262,593
29270,4
29289,125
29297,8
29319,292
29327,920
29335,242
29343,50
29351,1053
29360,1099
29378,12
29386,1011
29394,25
29408,293
29416,10960
29432,1444
29440,19
29459,83
29467,2240
29475,722
29483,23
29491,709
29505,6
29513,1251
29530,62
29548,131
29556,2719
29572,169
29580,32
29599,198
29602,161
29610,28
29645,37
29653,221
29661,1339
29670,121
29688,542
29696,1453
29700,2279
29718,58
29742,4916
29750,6
29785,163
29793,95
29807,2748
29840,32
29874,9
29882,29
29890,26
29904,126
29912,4
29947,430
29955,7085
29971,6004
29980,2014
29998,99
30007,31918
30015,922
30031,5181
30058,28290
30066,2410
30074,38
30082,34
30090,166
30104,696
30112,13187
30120,3044
30147,540
30155,1741
30163,23
30171,4
30180,1559
30198,12704
30201,25
30210,14
30228,6068
30244,197
30252,381
30260,392
30279,354
30287,1622
30309,260
30317,23
30325,15
30333,3
30341,5134
30350,73
30368,22
30376,207
30392,255
30406,8
30414,61
30422,18
30430,9
30449,1648
30457,1242
30465,549
30473,870
30481,922
30490,138
30503,1568
30511,200
30520,44
30538,70
30546,7
30562,1863
30570,132
30597,9
30600,47
30619,405
30627,10020
30635,4111
30651,61
30660,1225
30678,1589
30694,1183
30708,4
30716,1547
30732,1236
30740,68
30759,1499
30767,379
30775,1651
30783,2494
30791,2326
30805,164
30813,1677
30821,31
30830,6067
30848,62
30856,1506
30864,2762
30872,9999
30899,1673
30902,933
30910,2690
30937,888
30953,596
30961,862
30970,1153
30996,4695
31003,1138
31011,559
31038,2861
31054,142489
31070,1481
31097,3106
31119,7148
31135,1070
31151,4517
31194,2777
31216,671
31232,3652
31259,5492
31275,3278
31291,3012
31313,1353
31330,2024
31356,1951
31372,1197
31399,632
31410,9847
31437,1008
31453,3845
31470,539
31496,1140
31518,900
31534,1111
31550,1756
31577,21361
31593,8720
31615,893
31631,6130
31658,2559
31674,1949
31690,17841
31712,5418
31739,1430
31755,676
31771,1995
31798,2120
31810,2357
31836,2296
31852,1448
31879,2471
31895,5011
31917,5674
31933,889
31950,37770
31976,1438
31992,668
32018,1420
32034,874
32050,1638
32077,3457
32093,3174
32115,3695
32131,5377
32158,2458
32174,1527
32190,3367
32212,1544
32239,2847
32255,1534
32298,840
32310,1180
32336,16454
32352,1885
32379,680
32395,701
32417,6696
32433,1243
32450,900
32476,9726
32492,2086
32514,4115
33014,1836
33030,2586
33057,1788
33065,1562
33073,1610
33090,1175
33111,719
33138,26077
33154,3706
33170,700
33197,6678
33219,2919
33235,2977
33251,1001
33260,963
33278,2096
33294,1127
33316,2491
33332,947
33359,1441
33375,2069
33383,1527
33391,1958
33405,1212
33413,4206
33430,1008
33456,1170
33472,1725
33499,2336
33510,3064
33529,1701
33537,4713
33553,3910
33570,4459
33596,943
33618,963
33634,34122
33650,1090
33677,3247
33693,2704
33715,1168
33731,1173
33758,2843
33774,8045
33782,773
33790,2168
33804,1572
33812,1022
33839,1136
33855,2012
33871,1583
33898,1536
33910,12589
33936,5292
33952,1353
33960,1483
33979,3197
33995,3890
34010,938
34029,821
34037,6728
34053,2694
34070,3539
34096,1915
34118,5094
34134,49304
34150,5685
34177,2701
34193,12308
34215,1214
34231,3010
34258,5922
34274,1217
34290,8957
34312,1905
34339,3879
34355,3099
34363,1373
34371,3691
34398,572
34410,5471
34436,8878
34452,2997
34479,649
34495,6684
34509,758
34517,1989
34533,906
34550,4436
34576,3067
34592,3767
34614,3540
34630,2737
34657,1908
34673,15364
34690,5555
34711,2798
34738,3092
34754,706
34770,2918
34797,1670
34819,2216
34835,2005
34851,4910
34878,1683
34894,456
34916,1744
34932,2225
34959,11766
34975,3803
34991,1177
35017,1137
35033,974
35050,1378
35076,2772
35092,4573
35114,4059
35130,5911
35149,1417
35157,124354
35173,1112
35190,1328
35211,4247
35238,6300
35254,1072
35270,1140
35297,794
35319,2794
35335,18060
35351,3105
35378,2634
35394,2111
35416,4816
35432,3626
35459,2420
35475,1490
35491,3417
35513,2175
35530,405
35556,2497
35572,2655
35599,3719
35610,1843
35637,2071
35653,4755
35670,993
35696,1261
35700,1472
35718,4155
35734,38528
35750,4181
35777,1861
35793,7799
35815,6860
35831,2067
35858,767
35874,1308
35890,1511
35912,3731
35939,11104
35947,5956
35955,9681
35971,52768
35998,3532
36013,2263
36030,2335
36056,2779
36072,1262
36080,1221
36099,1541
36110,3872
36137,16841
36153,1395
36170,3951
36196,768
36218,3874
36234,2834
36250,2112
36277,1363
36293,17204
36315,2749
36331,1165
36358,1120
36374,3926
36382,2643
36390,1740
36412,5363
36439,4115
36455,3456
36471,4671
36498,1550
36510,12073
36536,7814
36552,3942
36579,2007
36595,1039
36617,31782
36633,3652
36650,1713
36676,2220
36692,41773
36706,1773
36714,1012
36730,1160
36757,586
36765,1191
36773,3775
36790,1274
36811,465
36820,873
36838,629
36854,40270
36870,896
36897,1970
36919,6037
36935,1511
36951,3568
36978,5099
36994,666
37010,2084
37036,2218
37052,2758
37079,1562
37095,1524
37117,3351
37133,5024
37150,2270
37176,1035
37192,1671
37214,6890
37222,790
37230,5612
37257,4300
37273,1663
37290,1858
37303,1048
37311,3746
37338,1499
37354,4131
37370,2477
37397,2432
37419,8897
37427,925
37435,2216
37451,1236
37460,1582
37478,2923
37494,3484
37516,3818
37532,1705
37559,1832
37567,1383
37575,1111
37583,545
37591,2029
37613,10455
37621,1076
37630,2173
37656,2252
37672,740
37680,3911
37699,2000
37710,839
37737,2479
37753,2794
37770,3279
37796,2318
37818,13241
37834,542
37850,1045
37877,2850
37893,3093
37915,1919
37931,3455
37940,1258
37958,1269
37974,2529
37990,889
38016,4166
38032,6553
38059,4717
38067,2105
38075,33883
38091,2053
38113,7407
38130,1102
38156,1238
38164,4667
38172,3777
38199,2725
38210,4154
38237,1936
38253,3134
38270,3816
38296,2542
38318,1410
38334,7577
38342,1408
38350,2205
38377,1494
38393,1242
38415,5782
38431,994
38458,3992
38474,1734
38490,451131
38512,2995
38539,1191
38555,5914
38571,1227
38598,896
38610,5765
38636,6184
38652,4121
38679,1108
38695,1212
38717,5608
38733,18754
38750,4791
38776,5990
38792,1315
38806,1627
38814,3088
38822,3439
38830,3990
38857,4301
38865,1366
38873,1674
38890,3584
38911,2881
38938,2004
38946,1912
38954,1473
38962,2
38970,4036
38997,1268
39004,88
39012,13652
39020,15
39039,5448
39047,4303
39055,3819
39063,1980
39071,2011
39080,3373
39098,11608
39102,32
39110,2123
39136,18806
39144,1894
39152,1067
39160,21
39179,1463
39195,3207
39209,19
39217,1224
39233,2351
39250,1368
39276,545
39292,1793
39306,44
39314,1880
39322,9
39330,1285
39357,2299
39373,5879
39390,2264
39411,3286
39438,3600
39454,2975
39470,1891
39489,2347
39497,4355
39519,1921
39535,4913
39551,1966
39578,15291
39594,5088
39616,1301
39624,1629
39632,5672
39640,1486
39659,84019
39675,1068
39691,3350
39713,5629
39730,3562
39748,2504
39756,938
39772,1100
39799,1257
39810,2886
39837,2209
39845,2473
39853,3045
39870,1846
39896,1582
39900,1227
39918,1775
39926,1341
39934,39360
39942,1506
39950,1885
39969,1304
39977,1743
39985,3519
39993,2408
40002,1901
40010,2160
40029,2564
40037,7696
40045,3640
40053,3665
40061,1391
40070,787
40088,2996
40096,2069
40100,1270
40118,2796
40126,1335
40134,1004
40142,1619
40150,1439
40169,2118
40177,4582
40185,2180
40193,1985
40207,2703
40215,7655
40223,954
40231,1797
40240,1744
40258,1259
40266,5013
40274,1611
40282,7421
40290,9220
40304,871
40312,27225
40320,8879
40339,5975
40347,2519
40355,2018
40363,2167
40371,6768
40380,1533
40398,5364
40401,1400
40410,1949
40428,1917
40436,1516
40444,1376
40452,3041
40460,1249
40479,724
40487,1667
40495,865
40509,1503
40517,15286
40525,1007
40533,1536
40541,1199
40550,3159
40568,2182
40576,2582
40584,1829
40592,2862
40606,1506
40614,592
40622,1480
40630,785
40649,2892
40657,669
40665,2365
40673,6339
40681,10563
40690,42103
40703,958
40711,655
40720,3925
40738,1317
40746,1860
40754,1610
40762,641
40770,3218
40789,8535
40797,33959
40800,11201
40819,3260
40827,722
40835,14258
40843,2559
40851,5324
40860,4453
40878,664
40886,1927
40894,3799
40908,1967
40916,4147
40924,530
40932,2334
40940,1193
40959,1192
40967,765
40975,7566
40983,2719
40991,2620
41009,775
41017,6622
41025,5079
41033,573
41041,2820
41050,2328
41068,611
41076,8147
41084,614
41092,1466
41106,914
41114,33503
41122,1663
41130,1164
41149,1147
41157,9018
41165,1668
41173,5385
41181,1264
41190,2255
41203,904
41211,795
41220,785
41238,834548
41246,2219
41254,6883
41262,902
41270,2542
41289,934
41297,1303
41300,736
41319,822
41327,2496
41335,123818
41343,3236
41351,735
41360,1171
41378,3950
41386,1142
41394,954
41408,531
41416,12893
41424,2189
41432,1470
41440,944
41459,8182
41467,2865
41475,19599
41483,460
41491,1816
41505,967
41513,1689
41521,1233
41530,1466
41548,2238
41556,4190
41564,1121
41572,3730
41580,1009
41599,5096
41602,1678
41610,2297
41629,7479
41637,1460
41645,2606
41653,6026
41661,2559
41670,4343
41688,2042
41696,806
41700,969
41718,5601
41726,860
41734,1240
41742,950
41750,1176
41769,1618
41777,5131
41785,2029
41793,12689
41807,568
41815,4499
41823,695
41831,1931
41840,1464
41858,7637
41866,847
41874,5906
41882,2132
41890,3550
41904,671
41912,1334
41920,2975
41939,4758
41947,2398
41955,597
41963,828
41971,3813
41980,1706
41998,11825
42005,1736
42013,1411
42021,1976
42030,993
42048,1430
42056,4893
42064,779
42072,1057
42080,596
42099,7741
42102,1068
42110,9500
42129,847
42137,3875
42145,1287
42153,714
42161,1397
42170,5963
42188,657
42196,8049
42200,829
42218,5848
42226,1798
42234,17341
42242,1846
42250,3052
42269,1185
42277,2266
42285,892
42293,4319
42307,668
42315,8469
42323,960
42331,920
42340,964
42358,2591
42366,1993
42374,1843
42382,841
42390,4819
42404,1131
42412,2024
42420,1137
42439,1209
42447,958
42455,9118
42463,1194
42471,2150
42480,1595
42498,3646
42501,2433
42510,3905
42528,1213
42536,2607
42544,964
42552,3676
42560,1648
42579,2573
42587,1482
42595,2084
42617,1002
42633,7374
42650,8726
42676,25737
42692,1933
42714,2096
42730,4103
42757,677
42773,2888
42790,3083
42811,4013
42838,8157
42854,11066
42870,7021
42897,5641
42919,1231
42935,1480
42951,1461
42978,1110
42994,1499
43010,5441
43036,1184
43052,15572
43079,930
43095,6320
43117,470
43133,2095
43150,2032
43176,1177
43192,1999
43214,867
43230,1133
43257,1277
43273,2564
43290,2348
43311,11623
43338,1845
43354,1554
43370,1229
43397,946
43419,3306
43435,1128
43451,6737
43478,1340
43494,3930
43516,2610
43532,3251
43559,4444
43575,4696
43591,15340
43613,674
43630,2112
43656,33282
43672,6507
43699,745
43710,202910
43737,3147
43753,3850
43770,2464
43796,910
43818,5533
43834,2239
43850,10710
43877,35727
43893,1226
43915,956
43931,878
43958,1172
43974,1783
43990,891
44016,563
44032,3266
44059,851
44075,1704
44091,3718
44113,2167
44130,1838
44156,4265
44172,21381
44199,834
44210,2923
44237,2488
44253,1430
44270,2807
44296,1295
44318,8664
44334,680
44350,2000
44377,1141
44393,5032
44415,1625
44431,1602
44458,76341
44474,1811
44490,1754
44512,1023
44539,1088
44555,1224
44571,2029
44598,3229
44610,1310
44636,4783
44652,1392
44679,808
44695,653
44717,9402
44733,2570
44750,1200
44776,4203
44792,4114
44814,18715
44830,6663
44857,5914
44873,1989
44890,4150
44911,716
44938,1045
44954,1845
44970,3447
44997,1110
45012,15399
45039,1272
45055,902
45071,1093
45098,466
45110,1026
45136,3556
45152,995
45179,1906
45195,2431
45217,26008
45233,1706
45250,1281
45276,817
45292,1256
45314,1164
45330,3865
45357,1177
45373,2032
45390,3594
45411,17561
45438,1995
45454,1832
45470,1853
45497,1143
45519,2251
45535,94975
45551,2109
45578,774
45594,7434
45616,5102
45632,1771
45659,4779
45675,1787
45691,1181
45713,2270
45730,14500
45756,2009
45772,2856
45799,2162
45810,1834
45837,1867
45853,3242
45870,1092
45896,6265
45918,1036
45934,4105
45950,49261
45977,1885
45993,943
46019,12752
46035,3651
46051,2275
46078,2051
46094,3768
46116,2888
46132,1756
46159,847
46175,8119
46191,2178
46213,1837
46230,5662
46256,89030
46272,1063
46299,3446
46310,2734
46337,32928
46353,2938
46370,14833
46396,666
46418,2638
46434,4541
46450,1852
46477,36611
46493,6969
46515,1099
46531,3862
46558,610
46574,3725
46590,5655
46612,5221
46639,2940
46655,4597
46671,4226
46698,6519
46710,4029
46736,4815
46752,36985
46779,1719
46795,1668
46817,2483
46833,25687
46850,2034
46876,10602
46892,1066
46914,5490
46930,2069
46957,3323
46973,10464
46990,1281
47015,17712
47031,8405
47058,1490
47074,1739
47090,2284
47112,1281
47139,2262
47155,2842
47171,1786
47198,1680
47210,1507
47236,23348
47252,14606
47279,1017
47295,1825
47317,1741
47333,141651
47350,1071
47376,4525
47392,1912
47414,2814
47430,17251
47457,936
47473,4084
47490,6545
47511,23835
47538,6327
47554,8276
47570,734
47597,2213
47619,1427
47635,29296
47651,1459
47678,12305
47694,1178
47716,3270
47732,1562
47759,6206
47775,1544
47791,14248
47813,1349
47830,3424
47856,3790
47872,26099
47899,6301
47910,8689
47937,2881
47953,3766
47970,6067
47996,11885
48011,1012
48038,1207
48054,1581
48070,1139
48097,5263
48119,598
48135,10764
48151,4098
48178,5149
48194,3077
48216,11720
48232,1340
48259,1457
48275,3543
48291,1648
48313,2150
48330,1790
48356,2871
48372,1249
48399,2321
48410,2599
48437,4068
48453,2051
48470,2761
48496,539
48518,2749
48534,2618
48550,5351
48577,5340
48593,4174
48615,13471
48631,6694
48658,116755
48674,11161
48690,2970
48712,624
48739,773
48755,2507
48771,32191
48798,8561
48810,7574
48836,590
48852,10130
48879,1956
48895,1769
48917,8190
48933,4532
48950,29146
48976,952
48992,4871
49018,6068
49034,34819
49050,3407
49077,553
49093,819
49115,12969
49131,547
49158,1583
49174,11885
49190,12819
49212,14872
49239,1896
49255,3419
49271,1289
49298,2854
49310,443
49336,1466
49352,648
49379,4748
49395,28345
49417,33252
49433,7022
49450,7517
49476,8438
49492,518
49514,4946
49530,2372
49557,848
49573,32256
49590,56293
49611,31972
49638,1707
49654,1659
49670,556
49697,1403
49719,3033
49735,4712
49751,729
49778,1726
49794,824
49816,4307
49832,1283
49859,21063
49875,435
49891,1043
49913,1495
49930,4892
49956,5847
49972,7363
49999,774
50016,841
50032,838
50059,1201
50075,1943
50091,3011
50113,1929
50130,1586
50156,3170
50172,2263
50199,3032
50210,3459
50237,16654
50253,3200
50270,10955
50296,12460
50318,3045
50334,5208
50350,52121
50377,2631
50393,8089
50415,11451
50431,8462
50458,2290
50474,3356
50490,50221
50512,2431
50539,2173
50555,7615
50571,2898
50598,1423
50610,1212
50636,865
50652,341
50679,6159
50695,3581
50717,3372
50733,1049
50750,896
50776,4020
50792,5412
50814,2284
50830,3386
50857,5747
50873,1274
50890,1516
50911,84526
50938,1063
50954,3093
50970,2625
50997,645
51012,594
51039,1495
51055,1617
51071,2265
51098,3937
51110,5913
51136,3587
51152,4599
51179,1441
51195,1861
51217,1297
51233,939
51250,2501
51276,939
51292,837
51314,1289
51330,37228
51357,2205
51373,8867
51390,9031
51411,1100
51438,6894
51454,878
51470,1024
51497,841
51519,554
51535,4449
51551,68438
51578,5231
51594,2158
51616,1096
51632,2640
51659,2341
51675,1279
51691,2344
51713,934
51730,507
51756,1441
51772,2383
51799,1588
51810,1090
51837,3488
51853,1248
51870,649
51896,2178
51918,16127
51934,1138
51950,5437
51977,3635
51993,1239
52019,856
52035,481
52051,2338
52078,11569
52094,566
52116,558
52132,11152
52159,1571
52175,986
52191,4125
52213,8931
52230,1769
52256,1423
52272,1181
52299,1929
52310,860
52337,1966
52353,3814
52370,3534
52396,7459
52418,13122
52434,2909
52450,1424
52477,2813
52493,28797
52515,2414
52531,5568
52558,2497
52574,7479
52590,1042
52612,1509
52639,1756
52655,1181
52671,1089
52698,1103
52710,919
52736,16504
52752,1533
52779,1830
52795,1249
52817,1168
52833,1389
52850,3251
52876,2366
52892,1992
52914,2498
52930,20627
52957,573
52973,1036
52990,3242
53015,2287
53031,1161
53058,1937
53074,2273
53090,1296
53112,713
53139,1613
53155,1034
53171,869
53198,1144
53210,773
53236,2196
53252,2666
53279,591
53295,556
53317,441
53333,1480
53350,4002
53376,2315
53392,653
53414,2933
53430,78922
53457,671
53473,2136
53490,1008
53511,5923
53538,1466
53554,2088
53570,1231
53597,11252
53619,2587
53635,712
53651,1900
53678,3600
53694,2769
53716,37683
53732,27644
53759,2605
53775,2916
53791,4883
53813,2980
53830,2330
53856,25622
53872,16946
53899,1673
53910,6980
53937,3481
53953,1801
53970,27156
53996,1542
54011,98568
54038,215660
54054,497
54070,28970
54097,2283
54119,1147
54135,48730
54151,8923
54178,2644
54194,5850
54216,1165
54232,968
54259,35946
54275,15366
54291,1294
54313,868
54330,1865
54356,2698
54372,1927
54399,833
54410,10147
54437,1099
54453,5266
55000,5913
55018,1274
55026,2664
55034,1231
55042,1416
55050,2064
55069,977
56006,3036
56014,10904
56022,3572
56030,9391
56049,5903
56057,6446
56065,1988
56073,10535
56081,2788
56090,2356
56103,6489
56111,30692
56120,15978
56138,3806
56146,4149
56154,10069
56162,4459
56170,12950
56189,7205
56197,3835
56200,1614
56219,3041
56227,4367
56235,75317
56251,116698
56278,16659
56294,44230
56308,3332
56316,5815
56332,5128
56359,1990
56375,15544
56391,2660
56413,5857
56430,5434
56456,9454
56472,46347
56499,4193
56502,3783
56510,5492
56537,4824
56553,18496
56570,4569
56596,10893
56618,4045
56626,5887
56634,53237
56650,4111
56677,7351
56693,4805
56715,1352
56731,5907
56758,4650
56774,14891
56790,5835
56812,5180
56839,7657
56855,6043
56871,5074
56898,4046
56910,9561
56936,10467
56952,3131
56979,30656
56995,140048
57010,22027
57037,161933
57053,115293
57070,5277
57096,10089
57118,6282
57134,6826
57150,5170
57916,4614
57932,16385
57959,8685
57975,10610
57991,2732
58009,6928
58017,65638
58025,4239
58033,51201
58041,155071
58050,25999
58068,5463
58076,56219
58084,4236
58092,9485
58106,19328
58114,12649
58122,45518
58130,81373
58149,32666
58157,20933
58165,2675
58173,4712
58181,4567
58190,171999
58203,45528
58211,6430
58220,4454
58238,5156
58246,6402
58254,16803
58262,13766
58270,6336
58289,18184
58297,7124
58300,5433
58319,3780
58327,7838
58335,299197
58343,3523
58351,4344
58360,11461
58378,76938
58386,2722
58394,45882
58408,16125
58416,10047
58424,27546
58432,36755
58440,11288
58459,2225
58467,63809
58475,69114
58491,89784
58513,17984
58530,57955
58556,5969
58572,10451
58599,7734
58610,4912
58637,60276
58653,155186
58670,68371
58696,291907
58718,15528
58734,14086
58750,15329
58777,110803
58793,8935
58815,4711
58831,44732
58858,22691
58874,5673
58890,2309
58912,3226
58939,14919
58955,14649
58971,276870
58998,17577
59013,168876
59030,37646
59056,3251
59072,7144
59099,35630
59110,8843
59137,7347
59153,66230
59170,3184
59196,22574
59218,17591
59234,11398
59250,91375
59277,15062
59293,5676
59315,11062
59331,10120
60011,1929209
61000,1709
61018,14937
61026,977
61034,2005
61042,5515
61050,10429
61069,1308
61077,2902
61085,1379
61093,7991
61107,1989
61115,2024
61123,642
61131,14648
61140,1344
61158,1914
61166,4526
61174,1327
61182,1090
61190,5136
61204,8205
61212,1874
61220,5756
61239,1872
61247,1427
61255,8665
61263,7198
61271,1094
61280,19594
61298,1074
61301,986
61310,92771
61328,3292
61336,9600
61344,1578
61352,2481
61360,1727
61379,28122
61387,1109
61395,1984
61409,1709
61417,21248
61425,747
61433,7310
61441,4530
61450,2315
61468,1864
61476,1547
61484,10938
61492,13761
61506,2212
61514,1544
61522,858
61530,7376
61549,3039
61557,79700
61565,5933
61573,12602
61581,2512
61590,1682
61603,924
61611,2523
61620,2702
61638,65076
61646,872
61654,52074
61662,4750
61670,3129
61689,7101
61697,946
61700,2197
61719,3515
61727,69513
61735,3307
61743,6492
61751,18979
61760,1440
61778,30665
61786,1121
61794,33844
61808,1192
61816,56255
61824,1274
61832,5760
61840,2025
61859,1500
61867,1611
61875,2942
61883,580
61891,30775
61905,4547
61913,7638
61921,1116
61930,639
61948,1088
61956,3883
61964,759
61972,2837
61980,2848
61999,2237
62006,4709
62014,993
62022,888
62030,12760
62049,1247
62057,14684
62065,1065
62073,2162
62081,898
62090,40384
62103,1774
62111,9041
62120,585
62138,109971
62146,1930
62154,9478
62162,1617
62170,18531
62189,906
62197,125569
62200,929
62219,29911
62227,746
62235,983
62243,2311
62251,3835
62260,1042
62278,3416
62286,772
62294,49166
62308,1292
62316,10445
62324,1185
62332,3242
62340,878
62359,4517
62367,617
62375,3523
62383,3359
62391,22432
62405,888
62413,8551
62421,700
62430,460
62448,543
62456,1724
62472,5749
62499,47560
62510,66832
62553,2275
62570,9320
62596,9188
62618,6963
62634,6327
62650,2024
62677,1329
62693,16677
62715,36878
62731,10952
62758,5774
62774,5912
62790,1367
62812,27747
62839,1264
62855,26060
62871,3621
62898,7268
62910,368251
62936,26382
62952,17558
62979,1757
62995,4150
63010,12459
63037,1292
63053,15942
63070,7544
63096,20135
63118,45092
63134,103403
63150,3831
63177,9789
63193,1058
63215,5158
63231,46210
63258,2945
63274,4274
63290,6545
63312,19447
63339,6841
63355,7009
63371,4206
63398,2743
63410,5794
63436,2172
63452,12369
63479,6706
63495,10004
63517,2239
63533,1144
63550,1826
63576,19757
63592,3443
63614,69121
63630,13162
63657,3287
63673,1033
63690,26115
63711,33610
63738,7493
63754,12497
63770,102841
63797,4948
63819,2202
63835,9161
63851,659
63878,2961
63894,18374
63916,4488
63932,3551
63959,2460
63975,4352
63991,7196
64017,66009
64033,19410
64050,3570
64076,863
64092,5145
64114,24566
64130,2474
64157,44398
64173,576
64190,1145
64211,3740
64238,1002
64254,119713
64270,38789
64297,35285
64319,1413
64335,1844
64351,16940
64378,983
64394,4049
64416,3052
64432,1678
64459,3704
64475,1760
64491,13046
64513,7508
64530,4398
64556,5529
64572,3149
64599,3042
64610,635
64637,2272
64653,12126
64670,12212
64696,47275
64718,4482
64734,11836
64750,99610
64777,391234
64793,1270
64815,3230
64831,4254
64858,2505
64874,10204
64890,4826
64912,2690
64939,21029
64955,30098
64971,2482
64998,2966
65013,7998
65030,7446
65056,4102
65072,9454
65099,12076
65110,91937
65137,2024
65153,1214
65170,1753
65196,4888
65218,8039
65234,2972
65250,1008
65277,4066
65293,9790
65315,3017
65331,2171
65358,5754
65374,6333
65390,7145
65412,1442
65439,31700
65455,39226
65471,58297
65498,32952
65510,53526
65536,28124
65552,15807
65579,4860
65595,4360
65617,692
65633,87164
65650,16112
65676,4042
65692,43044
65714,6165
65730,4461
65757,1714
65773,2589
65790,60031
65811,21512
65838,12759
65854,2102
65870,25232
65897,83006
65919,2637
65935,6274
65951,21568
65978,19385
65994,2311
66010,29948
66036,14171
66052,12076
66079,56644
66095,1140
66117,4924
66133,1405
66150,13915
66176,1286
66192,160078
66214,6983
66230,6618
66257,8620
66273,2197
66290,11438
66311,1572
66338,2459
66354,36488
66370,28970
66397,129373
66419,3162
66435,29727
66451,31671
66478,18720
66494,6430
66516,817
66532,3896
66559,1674
66575,1362
66591,991
66613,6871
66630,3258
66656,1669
66672,1259
66699,16238
66710,29538
66737,3208
66753,900
66770,5238
66796,1314
66818,93172
66834,731
66850,8716
66877,30481
66893,111172
66915,2286
66931,1643
66958,6007
66974,4667
66990,6800
67016,1099
67032,9487
67059,4015
67075,23095
67091,2006
67113,23963
67130,139298
67156,62945
67172,36952
67199,1631
67210,940
67237,17243
67253,3274
67270,19274
67296,8454
67318,7177
67334,1420
67350,1588
67377,18971
67393,8780
67415,5558
67431,1652
67458,1647
67474,2445
67490,6589
67512,3500
67539,4090
67555,1708
67571,2572
67598,2557
67610,6270
67636,727
67652,1372
67679,1005
67695,22857
67717,15093
67733,2828
67750,1442
67776,1163
67792,20690
67814,1803
67830,2503
67857,1976
67873,14135
67890,218756
67911,1280
67938,12445
67954,36790
67970,2325
67997,4007
68012,4087
68039,3250
68055,3453
68071,8260
68098,4785
68110,13739
68136,5446
68152,2285
68179,6046
68195,1574
68217,3860
68233,2529
68250,7365
68276,4887
68292,2754
68314,38254
68330,2221
68357,17743
68373,2265
68390,1043
68411,4145
68438,18555
68454,2944
68470,22499
68497,8109
68519,2807
68535,23989
68551,2240
68578,19474
68594,11070
68616,57969
68632,5615
68659,15006
68675,5480
68691,1150
68713,4981
68730,10978
68756,155716
68772,9893
68799,7453
68810,4321
68837,4613
68853,9216
68870,29979
68896,5147
68918,10554
68934,1606
68950,1306
68977,36451
68993,2149
69019,9001
69035,1575
69051,11760
69078,1002
69094,1218
69116,3152
69132,21288
69159,20890
69175,6900
69191,6033
69213,105028
69230,1513
69256,4928
69272,12892
69299,89544
69310,14070
69337,11929
69353,4855
69370,1292
69396,2528
69418,2501
69434,3980
69450,10043
69477,1643
69493,7588
69515,2516
69531,20895
69558,2565
69574,923
69590,3438
69612,5287
69639,1770
69655,1596
69671,34652
69698,206363
69710,1766
69736,1805
69752,2559
69779,3881
69795,78720
69817,12972
69833,11684
69850,2644
69876,4127
69892,1058
69914,1435
69930,1882
69957,808
69973,2770
69990,4105
70017,6834
70033,1746
70050,44746
70076,13494
70092,2861
70114,948
70130,5173
70157,2402
70173,73567
70190,2464
70211,5331
70238,1008
70254,2164
70270,10023
70297,18666
70319,2100
70335,13258
70351,9747
70378,19461
70394,2103
70416,2045
70432,975
70459,707
70475,42530
70491,1062
70513,10369
70530,7780
70556,6950
70572,225767
70599,2319
70610,8598
70637,2563
70653,2714
70670,1091
70696,1486
70718,145874
70734,4425
70750,224929
70777,68152
70793,73647
70815,1039
70831,34240
70858,757
70874,736
70890,14884
70912,2306
70939,1208
70955,19222
70971,176282
70998,267615
71013,3936
71030,13999
71056,11433
71072,3191484
71099,14197
71110,2540
71137,25488
71153,24723
71170,3811
71196,5089
71218,102155
71234,3120
71250,1030
71277,1515
71293,2710
71315,14158
71331,11251
71358,40647
71374,4441
71390,5451
71412,2168
71439,17292
71455,242074
71471,2325
71498,85776
71510,90882
71536,4729
71552,4902
71579,70456
71595,2009
71617,4152
71633,1858
71650,2295
71676,6894
71692,10261
71714,2645
71730,3902
71757,17518
71773,7291
71790,1902
71811,43669
71838,117578
71854,1233
71870,6018
71897,2837
71919,15760
71935,921
71951,3877
71978,14617
71994,2220
72010,25604
72036,5567
72052,841
72079,625
72095,33967
72117,1769
72133,3750
72150,679
72176,3321
72192,737
72214,5795
72230,4955
72257,46594
72273,7410
72311,15236
72338,37506
72354,3779
72370,32648
72397,6828
72419,2777
72435,42096
72451,36549
72737,16659
73008,749
73016,653
73024,1010
73032,1130
73040,1156
73059,604
73067,460
73075,785
73083,945
73091,1739
73105,285
73113,749
73121,1137
73130,838
73148,529
73156,1322
73164,316
73172,465
73180,2227
73199,1066
73202,890
73210,429
73229,587
73237,423
73245,602
73253,703
73261,1186
73270,478
73288,975
73296,1257
73300,1338
73318,1328
73326,693
73334,1277
73342,752
73350,1689
73369,968
73377,612
73385,3308
73393,484
73407,1165
73415,699
73423,715
73431,459
73440,95715
73458,568
73466,499
73474,849
73482,489
73504,872
73512,1039
73520,680
73539,558
73547,741
73555,601
73563,1055
73571,834
73580,1101
73598,353
73601,459
73610,951
74004,819
74012,2605
74020,1951
74039,1537
74047,1718
74055,4051
74063,2490
74071,33534
74080,4469
74098,4583
74101,1086
74110,2762
74128,1437
74136,3387
74144,721
74152,1554
74160,1558
74179,5311
74187,1134
74195,7396
74209,1986
74217,7596
74225,4118
74233,2769
74241,1323
74250,51894
74268,1178
74276,50404
74284,2240
74292,10014
74306,1150
74314,5252
74322,38273
74330,3648
74349,1713
74357,45633
74365,1436
74373,6742
74381,775
74390,11738
74403,952
74411,1744
74420,1439
74438,5834
74446,6729
74454,13737
74462,2427
74470,3599
74489,1639
74497,3310
74500,3474
74519,1085
74527,963
74535,6097
74543,3373
74551,4306
74560,3338
74578,2237
74586,2685
74594,4288
74608,1264
74616,1906
74624,2855
74632,3050
74640,542
74659,797
74667,1312
74675,3722
74683,2790
74691,8539
74705,1260
74713,40519
74721,1056
74730,3248
74748,2699
74756,5426
74764,1429
74772,16566
74780,1372
74799,3105
74802,2573
74810,47247
74829,971
74837,33849
74845,995
74853,4816
74861,2308
74870,6462
74888,2109
74896,5076
74900,2747
74918,5529
74926,1293
74934,125392
74942,1669
74950,27913
74969,1514
74977,3114
74985,1187
74993,2846
75000,4723
75019,4473
75027,1635
75035,7723
75043,46689
75051,32866
75060,1827
75078,3855
75086,787
75094,5138
75108,1222
75116,5130
75124,1008
75132,75459
75140,1594
75159,7829
75167,1361
75175,2062
75183,1006
75191,1196
75205,9351
75213,6047
75221,9655
75230,7546
75248,1528
75256,17918
75264,1248
75272,7429
75280,1306
75299,8195
75302,1078
75310,1345
75329,1947
75337,6324
75345,2315
75353,720322
75361,1170
75370,4358
75388,1475
75396,1973
75400,1205
75418,13835
75426,3301
75434,2699
75442,3251
75450,1917
75469,778
75477,5024
75485,1273
75493,6715
75507,2811
75515,1500
75523,9148
75531,2171
75540,1188
75558,3531
75566,1324
75574,3636
75582,1602
75590,990
75604,1543
75612,3162
75620,1342
75639,104235
75647,2590
75655,29417
75663,3773
75671,3101
75698,11033
75710,12496
75736,2381
75744,1988
75752,1572
75760,1611
75779,882
75787,1122
75795,2139
75809,2196
75817,5423
75833,57176
75850,2765
75876,14752
75892,9844
75914,21060
75930,3557
75957,1917
75973,11825
75990,2934
76015,738
76031,6130
76058,5945
76074,22388
76090,2737
76112,1268
76139,2374
76155,2434
76171,3633
76198,800
76210,5218
76236,11012
76252,1266
76279,2034
76295,12130
76317,5127
76333,13193
76350,9247
76376,1912
76392,1491
76414,4057
76430,3933
76457,337
76473,4645
76490,4438
76511,856
76538,2615
76554,1831
76570,17280
76597,8702
76619,1365
76635,8021
76651,1597
76678,225349
76694,1424
76716,5432
76732,5938
76759,9151
76775,14604
76791,8792
76813,5675
76830,24373
76856,2066
76872,15799
76899,3122
76910,157051
76937,2579
76953,4667
76970,1599
76996,8285
77011,20583
77038,596
77054,809
77070,4475
77097,6339
77119,1554
77135,1056
77151,610
77178,1375
77194,1977
77216,10139
77232,2592
77259,4211
77275,6128
77291,1059
77313,12968
77330,11024
77356,14919
77372,3808
77399,14852
77410,4262
77437,2799
77453,54905
77470,692
77496,33961
77518,31260
77534,2263
77550,2700
77577,4582
77593,2569
77615,6253
77631,2480
77658,7026
77674,9166
77690,30480
77712,9980
77739,1249
77755,4107
77771,130481
77798,3896
77810,1868
77836,1322
77852,1476
77879,1438
77895,4600
77917,22904
77933,3492
77950,9272
77976,3018
77992,1677
78018,7648
78034,1544
78050,6634
78077,5249
78093,2142
78115,8576
78131,4118
78158,3336
78174,6104
78190,1341
78212,10509
78239,14050
78255,27558
78271,3171
78298,3601
78310,3681
78336,1496
78352,1574
78379,3463
78395,1262
78417,1248
78433,2982
78450,4337
78476,618
78492,3540
78514,3898
78530,3691
78557,1678
78573,6124
78590,16140
78611,748
78638,846
78654,1832
78670,2633
78697,2709
78719,4240
78735,1493
78751,3514
78778,3777
78794,2464
78816,3688
78832,2291
78859,111043
78875,14627
78891,11195
78913,3166
78930,1323
78956,2584
78972,2317
78999,1974
79014,6368
79030,2336
79057,7650
79073,6351
79090,1928
79111,5738
79138,3720
79154,24430
79170,7072
79197,5807
79219,7636
79235,5660
79251,5466
79278,58445
79294,2837
79316,3328
79332,9854
79359,45768
79375,19295
79391,832
79413,4029
79430,7098
79456,2721
79472,2768
79499,2494
79510,7760
79537,14276
79553,10962
79570,5408
79596,2398
79618,1878
79634,13297
79650,5304
79677,2470
79693,4454
79715,10309
79731,2026
79758,1961
79774,2941
79790,5062
79812,2718
79839,1953
79855,7165
79871,4217
79898,3308
79910,2314
79936,3696
79952,3211
79979,3683
79995,2509
80004,2772
80012,5685
80020,4201
80039,5460
80047,1954
80055,3073
80063,4886
80071,3122
80080,1987
80098,1819
80101,2191
80110,3693
80128,2525
80136,4733
80144,1282
80152,2282
80160,1166
80179,2462
80187,2183
80195,2920
80209,2172
80217,1653
80225,1357
80233,5901
80241,4296
80250,12930
80268,1233
80276,28631
80284,1612
80292,4165
80306,8477
80314,1990
80322,1734
80330,4176
80349,3800
80357,1978
80365,1350
80373,3581
80381,1012
80390,61035
80403,3632
80411,14869
80420,2210
80438,5600
80446,1122
80454,27499
80462,1054
80470,159256
80489,2129
80497,3236
80500,1234
80519,2956
80527,2241
80535,16518
80543,1131
80551,61992
80560,1977
80578,24290
80586,797
80594,2957
80608,1174
80616,32194
80624,1228
80632,6355
80640,3304
80659,2496
80667,792
80675,2619
80683,5809
80691,13785
80705,1486
80713,5579
80721,1068
80730,23038
80748,1165
80756,8873
80764,1221
80772,4293
80780,690
80799,1805
80802,1233
80810,81666
80829,1499
80837,34006
80845,1048
80853,4185
80861,846
80870,7653
80888,1010
80896,85502
80900,757
80918,6192
80926,1124
80934,14559
80942,1507
80950,3753
80969,1941
80977,4749
80985,9324
80993,1931
81000,5565
81019,2311
81027,9344
81035,3657
81043,2232
81051,169495
81060,12462
81078,13748
81086,1789
81094,1295
81108,885
81116,9277
81124,2504
81132,10197
81140,852
81159,7045
81167,1435
81175,29558
81183,2528
81191,3740
81205,651
81213,5692
81221,2706
81230,11006
81248,1472
81256,4476
81264,1087
81272,19548
81280,1575
81299,2045
81302,987
81310,9037
81329,1103
81337,1802
81345,2008
81353,9134
81361,1779
81370,24810
81388,1091
81396,6928
81400,1022
81418,4072
81426,731
81434,17277
81442,765
81450,3140
81469,1060
81477,30063
81485,954
81493,1869
81507,823
81515,2788
81523,1011
81531,3936
81540,1027
81558,4194
81566,1442
81574,2658
81582,1249
81590,9974
81604,699
81612,97531
81620,1028
81639,29868
81647,1325
81655,7199
81663,9373
81671,12643
81680,875
81698,2317
81701,1541
81710,5573
81728,5300
81736,8893
81744,5143
81752,80164
81760,812
81779,13104
81787,1236
81795,268079
81809,3364
81817,1284
81825,1473
81833,65883
81850,16836
81876,3941
81892,6405
81914,3030
81930,1827
81957,5584
81973,6747
81990,25493
82015,1835
82031,2820
82058,11285
82066,1131
82074,8899
82090,838
82112,4072
82139,1823
82155,3807
82171,3216
82198,8841
82210,31871
82236,1983
82252,7066
82279,7889
82295,12264
82317,3436
82333,72870
82350,2134
82376,7062
82392,6883
82414,3588
82430,2578
82457,13120
82473,1710
82490,3579
82511,10532
82538,7754
82554,1521
82570,2856
82597,16570
82619,1942
82635,3320
82651,9455
82678,13254
82694,7517
82716,3031
82732,1102
82759,8798
82775,1257
82791,3811
82813,1876
82830,2925
82856,3436
82872,3662
82899,5678
82910,31258
82937,3280
82953,18782
82970,6303
82996,1821
83011,3776
83038,1983
83054,5514
83070,1149
83097,10896
83119,39161
83135,1906
83151,4360
83178,3507
83194,20615
83216,14256
83232,3985
83259,8950
83275,93707
83291,6519
83313,2862
83330,9604
83356,6204
83372,2263
83399,16594
83410,4238
83437,8845
83453,6610
83470,5828
83496,12668
83518,9545
83534,3944
83550,17585
83577,22756
83593,7106
83615,4594
83631,4008
83658,3548
83674,47779
83682,2571
83690,7034
83712,4675
83739,10265
83755,1338
83771,3285
83798,21928
83810,2021
83836,17718
83852,1752
83879,12416
83895,1597
83909,6130
83917,3427
83925,3898
83933,2658
83950,5524
83976,7068
84514,2937
84530,3815
84557,1147
84573,2069
84590,1789
84611,29538
84638,3083
84654,3536
84670,10322
84697,5138
84719,1213
84735,1634
84743,1401
84751,2041
84760,2235
84778,708
84786,1302
84794,1707
84808,816
84816,7367
84824,1907
84832,1410
84840,996
84859,2205
84867,878
84875,2113
84883,2103
84891,3472
84905,1400
84913,1108
84921,2455
84930,1633
84948,1868
84956,1069
84964,1580
84972,1529
84980,2643
84999,3509
85006,2029
85014,6146
85022,1298
85030,3269
85049,886
85057,2411
85065,1986
85073,19414
85081,1249
85090,2446
85103,3187
85111,51956
85120,1784
85138,3325
85146,2788
85154,7241
85162,3588
85170,3018
85189,2418
85197,9260
85200,1361
85219,3574
85227,958
85235,4783
85243,1320
85251,4230
85260,1241
85278,4714
85286,2768
85294,3432
85308,3816
85316,30449
85324,2483
85332,2751
85340,1106
85359,1745
85367,4858
85375,4089
85383,1372
85391,2966
85405,1305
85413,55971
85421,772
85430,3057
85448,1181
85456,3260
85464,2491
85472,4991
85480,2226
85499,1633
85502,3446
85510,877
85529,2337
85537,4955
85545,1374
85553,7096
85561,1426
85570,2897
85588,729
85596,28555
85600,947
85618,46256
85626,730
85634,1998
85642,2056
85650,1520
85669,1243
85677,2098
85685,8625
85693,22770
85707,1038
85715,2580
85723,2862
85731,2374
85740,1815
85758,2869
85766,1170
85774,28341
85782,1384
85790,1535
85804,3923
85812,10324
85820,948
85839,3378
85847,1099
85855,16937
85863,1013
85871,19270
85880,1502
85898,108143
85901,1008
85910,22264
85928,1052
85936,14478
85944,2915
85952,4557
85960,1358
85979,3579
85987,2758
85995,180592
86010,4097
86029,1126
86037,4072
86045,1757
86053,1577
86061,2232
86070,1800
86088,1722
86096,1782
86100,733
86118,2871
86126,1169
86134,3776
86142,1453
86150,2255
86169,1710
86177,4644
86185,2380
86193,19195
86207,2911
86215,5021
86223,3048
86231,2021
86240,10436
86258,13698
86274,3746
86282,1700
86290,9878
86304,2797
86312,1316
86320,1389
86339,9544
86347,2245
86355,5840
86363,948
86371,42893
86380,782
86398,1203
86401,1322
86410,1600
86428,757
86436,2061
86444,860
86452,1153
86460,1777
86479,5978
86487,1974
86495,20924
86509,1396
86517,26136
86525,586
86533,14439
86541,1210
86550,34359
86568,1039
86576,2743
86584,1233
86592,6148
86606,1305
86614,16910
86622,1396
86630,2720
86649,1269
86657,2062
86665,1130
86673,12234
86681,749
86690,16455
86703,419
86711,2964
86720,732
86738,2311
86746,996
86754,2593
86762,741
86770,7346
86789,1093
86797,6709
86800,1439
86819,19160
86827,762
86835,87219
86843,874
86851,28599
86860,662
86878,11775
86886,1012
86894,2692
86908,2156
86916,8192
86924,784
86932,8870
86940,1986
86959,1999
86967,2255
86975,2180
86983,1381
86991,3270
87009,1659
87017,9271
87025,1764
87033,14939
87041,2093
87050,30188
87068,2319
87076,2231
87084,2131
87092,2796
87106,1279
87114,2342
87122,1749
87130,10523
87149,3431
87157,1186
87165,871
87173,10110
87181,1126
87190,1570
87203,1150
87211,6414
87220,1819
87238,3929
87246,8152
87254,5278
87262,1471
87270,9574
87289,1693
87297,31987
87300,686
87319,1669
87327,2107
87335,1436
87343,2324
87351,2344
87360,2628
87378,18107
87386,1319
87394,1827
87408,1569
87416,907
87424,1428
87432,1621
87440,1020
87459,2163
87467,1189
87475,1477
87483,727
87491,21452
87505,1672
87513,3800
87521,809
87530,2422
87548,951
87556,7522
87564,867
87572,3811
87580,1366
87599,2552
87602,3084
87610,5151
87629,1051
87637,1781
87645,872
87653,2340
87661,1238
87670,10456
87688,1144
87696,11957
87700,1330
87718,95799
87726,1525
87734,14629
87742,1205
87750,1720
87769,716
87777,10337
87785,1404
87793,2215
87807,2004
87815,18425
87823,1334
87831,3888
87840,1387
87858,66922
87866,684
87874,1706
87882,1595
87890,1567
87904,885
87912,83962
87920,2778
87939,2335
87947,3072
87955,4180
87963,1604
87971,3448
87980,952
87998,12331
88005,1250
88013,380499
88021,745
88030,1681
88048,1000
88056,3319
88064,3683
88072,2306
88080,2651
88099,6491
88102,1216
88110,1848
88129,1306
88137,5495
88145,6572
88153,39996
88161,1531
88170,9190
88188,1267
88196,4204
88200,1680
88218,2251
88226,1480
88234,8717
88242,833
88250,2890
88269,2356
88277,2224
88285,1077
88293,2348
88307,1201
88315,10673
88323,764
88331,3317
88340,2577
88358,7685
88366,1593
88374,3543
88382,1966
88390,49867
88404,1330
88412,83340
88420,646
88439,2207
88447,1535
88455,21249
88463,1273
88471,30871
88480,1102
88498,6213
88501,1769
88510,16482
88528,925
88536,25061
88544,1462
88552,14651
88560,1053
88579,2545
88587,977
88595,4761
88609,1085
88617,6187
88625,1000
88633,15784
88641,1636
88650,4950
88668,1200
88676,6289
88684,1741
88692,15954
88706,735
88714,5593
88722,1758
88730,6896
88749,1353
88757,3324
88765,1605
88773,71028
88781,1563
88790,15058
88803,1601
88811,9966
88820,1825
88838,10333
88846,1068
88854,2649
88862,3117
88870,1298
88889,1507
88897,2328
88900,1298
88919,5562
88927,3623
88935,8885
88943,1091
88951,5709
88978,1569
88986,1753
88994,31721
89001,994
89010,38501
89028,1922
89036,8975
89044,1138
89052,4230
89060,1083
89079,2585
89087,1323
89095,7702
89109,654
89117,2730
89125,802
89133,1694
89141,989
89150,20498
89168,870
89176,4985
89184,975
89192,9030
89206,1142
89214,11109
89222,1369
89230,3842
89247,1086
89249,1494
89257,4437
89265,729
89273,21697
89281,894
89290,8695
89303,702
89311,3836
89320,665
89338,14267
89346,1181
89354,14928
89362,1048
89370,9808
89389,857
89397,9889
89400,844
89419,8158
89435,10071
89443,1033
89451,2701
89460,1209
89478,6510
89486,596
89494,4291
89508,1241
89516,38880
89524,1525
89532,24745
89540,1677
89559,27288
89567,508
89575,9009
89591,12076
89613,2375
89630,57395
89656,1767
89672,4318
89699,1383
89710,1712
89737,5956
89753,2926
89770,2261
89788,9420
89796,14589
89800,2073
89818,1313
89826,1588
89834,7801
89843,1128
89850,65216
89877,22236
89893,6249
89915,3566
89931,7048
89958,1670
89960,1029
89974,1476
89990,17559
90018,2355
90026,1132
90034,4615
90042,2175
90050,5513
90069,7944
90077,3802
90085,1764
90093,1817
90107,2251
90115,11008
90123,2149
90131,6944
90140,1892
90158,2100
90166,1190
90174,2971
90182,817
90190,8120
90204,1354
90212,12803
90220,3881
90239,365
90247,1653
90255,3465
90263,2700
90271,7103
90280,11129
90298,2415
90301,1574
90310,1701
90328,990
90336,8888
90344,976
90352,20791
90360,3227
90379,7554
90387,5272
90395,3149
90409,1426
90417,6545
90425,4330
90433,7855
90441,847
90450,3705
90468,6035
90476,24217
90484,13944
90492,4697
90506,16427
90514,313906
90522,4753
90530,1806
90549,2812
90557,9675
90565,2115
90573,7122
90581,3250
90590,6233
90603,27919
90611,1489
90620,7288
90638,25082
90646,18643
90654,10152
90662,3373
90670,213787
90689,5188
90697,7804
90700,2187
90719,2721
90727,9354
90735,81016
90743,2833
90751,6813
90760,3357
90778,1526
90786,3133
90794,3091
90808,2723
90816,3008
90824,2757
90832,3386
90840,1567
90859,4540
90867,1906
90875,2529
90883,3875
90891,6974
90905,2098
90913,3954
90921,747
90930,9454
90948,743
90956,10513
90964,994
90972,1934
90980,891
90999,8058
91006,1568
91014,1665
91022,1438
91030,4953
91049,1104
91057,881
91073,14714
91081,2796
91090,4157
91103,3185
91111,5610
91138,17697
91154,4073
91170,6154
91197,1774
91219,3081
91235,14648
91251,12820
91278,2257
91294,6510
91316,31547
91332,558
91359,2263
91375,2741
91391,5066
91413,5422
91430,10973
91456,1552
91472,5943
91499,1787
91510,82752
91537,4467
91553,5830
91570,13497
91596,5081
91618,931
91634,1383
91650,37415
91677,84427
91693,3210
91715,3232
91731,3801
91758,4191
91774,10080
91782,10994
91790,6445
91804,2206
91812,5963
91820,1939
91839,3097
91847,2388
91855,38964
91863,1874
91880,4677
91898,3958
91901,1882
91910,11324
91936,9318
91952,8011
91979,1480
91995,6530
92002,1401
92010,5759
92029,2720
92037,954
92045,1980
92053,10643
92061,961
92070,1248
92088,1140
92096,864
92100,3120
92118,1955
92126,761
92134,2965
92142,1389
92150,2280
92169,1392
92177,1588
92185,1629
92193,2145
92207,1857
92215,153507
92223,1973
92231,396
92240,1589
92258,7237
92266,1145
92274,148793
92282,1852
92290,1251
92304,1209
92312,1603
92320,1395
92339,5795
92347,1138
92355,3749
92363,5010
92371,1359
92398,3441
92401,1174
92410,52404
92436,6541
92444,1426
92452,1503
92460,1613
92479,1461
92487,1397
92495,2417
92509,483
92517,1104
92525,1281
92533,773
92541,788
92550,1589
92568,1597
92576,2712
92584,924
92592,1600
92606,1110
92614,813
92622,1006
92630,3833
92649,1595
92657,10182
92665,1469
92673,2484
92681,751
92690,6789
92703,35464
92711,1499
92720,1705
92738,1331
92754,2098
92762,623
92770,3200
92789,1082
92797,2526
92800,1344
92819,3125
92827,1707
92835,704
92851,5110
92860,634
92878,5738
92886,7083
92894,30802
92908,2609
92916,1457
92924,4329
92932,4287
92940,2540
92959,2050
92967,1302
92975,3988
92983,1153
92991,3290
93009,1091
93017,28789
93025,18679
93033,1672
93041,1107
93050,884
93068,1277
93076,8627
93084,1049
93092,1143
93106,1654
93114,10361
93122,1366
93130,551
93149,1101
93157,1644
93165,1444
93173,3242
93181,1286
93190,2924
93203,1381
93211,1235
93220,2729
93238,1865
93246,867
93254,17318
93262,1036
93270,1939
93289,935
93297,4050
93300,39822
93319,1657
93327,21719
93335,785
93343,44946
93351,1358
93360,5394
93378,1410
93386,994
93394,1005
93408,1030
93416,3431
93424,1345
93432,1095
93440,1059
93459,1267
93475,1003
93483,1184
93491,4242
93505,1959
93513,1117
93530,2347
93548,1368
93556,1732
93564,1396
93572,4356
93580,3013
93599,2236
93602,665
93610,33414
93637,1607
93653,5747
93670,5779
93696,1543
93718,25164
93734,513018
93750,16788
93777,6307
93793,13024
93815,5169
93831,1038
93858,26670
93874,1608
93890,7959
93912,1329
93939,2362
93955,17182
93971,8329
93998,11960
94013,1091
94030,12965
94056,1503
94072,1993
94099,1080
94110,1678
94137,5864
94153,2453
94170,816
94196,9129
94218,1718
94234,3123
94250,33470
94277,1060
94293,2704
94315,17449
94331,34099
94358,976
94374,2287
94390,6561
94439,2738
94455,59686
94471,1151
94498,2720
94510,3279
94536,989
94552,2366
94579,2460
94595,20936
94617,4195
94633,3754
94650,1073
94676,1189
94692,1287
94714,3057
94730,15783
94757,1454
94773,4704
94790,1506
94811,1865
94838,827
94854,3323
94870,9957
94897,10636
94919,1090
94935,774
94951,557
94978,3552
94994,1222
95010,1443
95036,5321
95052,1728
95079,3163
95095,7905
95117,10469
95133,925
95150,2136
95176,959
95192,17707
95214,1136
95230,3988
95257,3732
95273,1764
95290,2992
95311,3377
95338,1715
95354,1159
95370,1074
95397,7634
95419,3985
95435,8523
95451,10397
95478,2157
95494,6080
95516,769
95532,1916
95559,12830
95575,1292
95591,16152
95613,9144
95630,14276
95656,4566
95672,1926
95699,474
95710,69385
95737,7887
95753,3080
95770,2356
95796,1277
95818,12407
95834,1739
95850,1289
95877,1079
95893,2650
95915,1699
95931,2211
95958,24240
95974,2600
95990,13526
96016,8200
96032,673
96059,4542
96075,2414
96091,7309
96113,828
96130,1896
96156,2768
96172,1924
96199,1109
96210,4092
96237,1194
96253,39215
96270,7124
96296,926
96318,2294
96334,12139
96350,4668
96377,1256
96393,1804
96415,5618
96431,3251
96458,6597
96474,8788
96490,2394
96512,1838
96539,2933
96555,2839
96571,2613
96598,1372
96610,2020
96636,2832
96652,2055
96679,1759
96695,2318
96717,1291
96733,2474
96750,2368
96776,18879
96792,1345
96814,4541
96830,1288
96857,3877
96873,1257
96890,1681
96911,1517
96938,2051
96954,1446
96970,1437
96997,1737
97012,1041331
98000,108
98019,2473
98035,9506
98051,2362
98078,4497
98094,11074
98116,1999
98132,3369
98159,1640
98175,1253
98191,13708
98213,12726
98230,6757
98256,20009
98272,1791
98299,2321
98310,16995
98337,2419
98353,12590
98370,1106
98396,2906
98418,7935
98434,6081
98450,2279
98477,8582
98493,1936
98515,1298
98531,1738
98558,2650
98574,3381
98590,4530
98612,3551
98639,1192
98655,3207
98671,1816
98698,2057
98710,4931
98736,4456
98752,5281
98779,2658
98795,1603
98817,9632
98833,4903
98850,3418
98876,2975
98892,29462
98914,765
98930,39360
98957,4199
98973,3847
98990,6914
99015,6810
99031,1645
99058,13560
99074,829
99180,14
99287,1
99317,23
99430,10
99473,25
